id,first_name,last_name,email,position,gender,phone,city,d.bi
1,Wallie,Kintish,wkintish0@wiley.com,"Assistant Professor",Male,861102382560,Leigongmiao,.
2,Eldon,Lammie,elammie1@baidu.com,"Electrical Engineer",Male,621716232803,Kasonawejo,03.31.1993
3,Mathilda,Illesley,millesley2@tiny.cc,"Information Systems Manager",Female,867926193580,,06.26.1993
4,Klarrisa,Eary,keary3@meetup.com,"Chief Design Engineer",Female,867658195254,Mulan,09.16.1994
5,Vernon,Theuss,vtheuss4@toplist.cz,"Software Test Engineer II",Male,2674688871168,Gobojango,12.30.1988
6,Byran,Branscomb,bbranscomb5@storify.com,"Office Assistant IV",Male,668122358783,,09.06.1992
7,Dominick,Grimsell,dgrimsell6@nytimes.com,"Electrical Engineer",Male,551951447946,Poá,11.15.1989
8,Quintin,Buston,qbuston7@foxnews.com,"Tax Accountant",Male,629759787823,"Dusun Desa Bunter",01.23.1991
9,Malissa,Lenard,mlenard8@51.la,Paralegal,Female,3537815543784,Donnybrook,01.13.1993
10,Thorvald,Steanyng,tsteanyng9@github.io,"Geological Engineer",Male,868049315390,Heshui,01.08.1989
11,Harmonie,Huckett,hhucketta@vkontakte.ru,"Senior Quality Engineer",Female,557061594948,Manhuaçu,12.25.1992
12,Marco,Littlefield,mlittlefieldb@usgs.gov,"Design Engineer",Male,2167951038732,"Majāz al Bāb",09.23.1993
13,Mira,"De Rye Barrett",mderyebarrettc@photobucket.com,"Quality Control Specialist",Female,2209641869662,Somita,08.19.1991
14,Agustin,Hundy,ahundyd@fotki.com,"Senior Financial Analyst",Male,865015884962,Zala,01.27.1995
15,Cybill,Walklate,cwalklatee@irs.gov,"Web Designer III",Female,868266889494,Luoping,06.15.1990
16,Paule,Spears,pspearsf@gravatar.com,"Financial Advisor",Female,73054489194,Iogach,02.13.1992
17,Jackquelin,Ziemens,jziemensg@samsung.com,"Project Manager",Female,8508493061911,,11.15.1994
18,Derry,Greenstock,dgreenstockh@engadget.com,"Legal Assistant",Male,8503507828436,,12.29.1992
19,Rene,Conneely,rconneelyi@miibeian.gov.cn,"Automation Specialist I",Male,868646469160,,01.19.1990
20,Vail,Reyes,vreyesj@psu.edu,"Structural Engineer",Male,3729404491332,Kärdla,10.23.1989
21,Lydon,Middleweek,lmiddleweekk@microsoft.com,"Financial Advisor",Male,865134928418,,09.28.1990
22,Byrom,Ipgrave,bipgravel@webs.com,"Recruiting Manager",Male,585616632383,Arapuey,.
23,Briney,Hunstone,bhunstonem@i2i.jp,"Clinical Specialist",Female,8807855740384,Mādārīpur,06.14.1991
24,Brandise,Fielder,bfieldern@about.com,Nurse,Female,9924012560778,Khŭjand,09.07.1992
25,Yolande,Purdie,ypurdieo@sciencedaily.com,"Engineer IV",Female,624733014784,Margahayu,12.11.1988
26,Prudence,Merit,pmeritp@moonfruit.com,"Automation Specialist II",Female,3801243112381,Khorosheve,08.03.1995
27,Leicester,Cowlishaw,lcowlishawq@i2i.jp,"Information Systems Manager",Male,862247251618,Kangle,09.20.1989
28,Esdras,Lightollers,elightollersr@infoseek.co.jp,,Male,,,02.07.1993
29,Demetri,Patifield,dpatifields@nih.gov,"VP Marketing",Male,861772906768,Geshan,12.20.1990
30,Anjela,Norquoy,anorquoyt@cnbc.com,"Analog Circuit Design manager",Female,862194035044,,07.14.1990
31,Wini,Carlyle,wcarlyleu@umn.edu,"GIS Technical Architect",Female,9637715470768,"Al Bāriqīyah",08.31.1990
32,Kellen,Pinchon,kpinchonv@netlog.com,"Cost Accountant",Male,622018631602,,.
33,Wolf,Spilsted,wspilstedw@whitehouse.gov,"Community Outreach Specialist",Male,5026885329843,"Puerto San José",02.13.1994
34,Camille,Skells,cskellsx@cbslocal.com,"Software Engineer I",Female,624839208813,Cibenda,01.12.1990
35,Geralda,Legges,gleggesy@mac.com,"Engineer III",Female,2344803540631,Madagali,04.02.1990
36,Manolo,Zoren,mzorenz@topsy.com,"Structural Engineer",Male,513334894887,,02.27.1991
37,Lorinda,Clemo,lclemo10@japanpost.jp,"Quality Engineer",Female,868601190697,,06.07.1990
38,Vivia,Baumber,vbaumber11@homestead.com,"Software Test Engineer II",Female,2554733838862,Kyaka,07.13.1993
39,Teodor,Swyndley,tswyndley12@squidoo.com,"Payment Adjustment Coordinator",Male,625169430157,Wasogolo,.
40,Leanor,Benne,lbenne13@odnoklassniki.ru,"Analog Circuit Design manager",Female,74866480376,Ramenki,04.27.1992
41,Stefa,Lyston,slyston14@ovh.net,"Compensation Analyst",Female,629726541694,Sobeok,12.15.1994
42,Guthrie,Pischel,gpischel15@wordpress.org,"Office Assistant II",Male,621294613388,,06.29.1994
43,Calv,Geffe,cgeffe16@drupal.org,"Quality Engineer",Male,602649054119,"Kuala Terengganu",06.30.1993
44,Pansy,Douthwaite,pdouthwaite17@etsy.com,"Food Chemist",Female,3517207398336,Nine,.
45,Andy,Arnaudot,aarnaudot18@dropbox.com,"Physical Therapy Assistant",Male,4208979301012,"Jaroměřice nad Rokytnou",06.16.1994
46,Bryn,Hacker,bhacker19@parallels.com,"Compensation Analyst",Female,9687537046518,Bidbid,07.19.1995
47,Cristen,Purchase,cpurchase1a@constantcontact.com,"Account Executive",Female,9631408974150,"Al Khafsah",11.22.1990
48,Murdock,Gwinnett,mgwinnett1b@phoca.cz,"Computer Systems Analyst III",Male,78831378441,Krasnoye,10.16.1994
49,Quintilla,Veltmann,qveltmann1c@chron.com,"Electrical Engineer",Female,4202443919466,Borovany,.
50,Nelie,Doughty,ndoughty1d@163.com,"Web Developer IV",Female,629043159445,Grugul,.
51,Jocko,Bennoe,jbennoe1e@tuttocitta.it,"Statistician III",Male,571951980200,,.
52,Bunni,Cleare,bcleare1f@latimes.com,"Internal Auditor",Female,72646485019,Nesterov,07.20.1995
53,Langston,Vyse,lvyse1g@lulu.com,Operator,Male,622926586596,Kadubera,01.30.1995
54,Morgan,Stronge,mstronge1h@homestead.com,"Food Chemist",Male,866133414039,Hedao,07.30.1990
55,Yasmeen,Boorne,yboorne1i@businesswire.com,"Software Consultant",Female,626213178904,Sugiharjo,11.15.1993
56,Rollo,Casine,rcasine1j@cbslocal.com,"Budget/Accounting Analyst III",Male,3517297285777,Tojeira,09.14.1991
57,Giovanna,Prewett,gprewett1k@rediff.com,"Database Administrator III",Female,862642113379,Fengkou,.
58,Jacinda,Birtle,jbirtle1l@ca.gov,Editor,Female,555064125578,,12.17.1993
59,Eldin,Rosenshine,erosenshine1m@java.com,Nurse,Male,868013347814,Guanshan,05.11.1989
60,Olenolin,Mingay,omingay1n@people.com.cn,"Analyst Programmer",Male,866451552594,Micheng,11.28.1992
61,Prentiss,Gatiss,pgatiss1o@google.com,"Mechanical Systems Engineer",Male,304811874661,Filothéi,11.18.1989
62,Clarette,Grigoroni,cgrigoroni1p@ask.com,,Female,,Sanguansi,03.23.1995
63,Joann,Rydings,jrydings1q@arizona.edu,"Geological Engineer",Female,666906199372,Chamni,02.11.1992
64,Manny,Bailiss,mbailiss1r@xrea.com,Professor,Male,79879506476,,07.30.1995
65,Cad,Hamelyn,chamelyn1s@infoseek.co.jp,"Graphic Designer",Male,626339869288,Bago,05.18.1993
66,Tyrone,Mayman,tmayman1t@ucsd.edu,"Research Associate",Male,627434115073,"Taraban Timur",.
67,Fancie,Barnfather,fbarnfather1u@cbslocal.com,"Chemical Engineer",Female,5044606277805,"Santa Cruz",01.01.1991
68,Dame,Sherme,dsherme1v@narod.ru,"Data Coordiator",Male,862388179286,Shilu,05.22.1990
69,Cheston,Phillipp,cphillipp1w@wikispaces.com,"Analyst Programmer",Male,812397282084,Shibushi,.
70,Myles,Hunn,mhunn1x@twitpic.com,"Nurse Practicioner",Male,3518678561204,Quintã,02.15.1989
71,Carree,Senecaut,csenecaut1y@diigo.com,"Human Resources Manager",Female,489873652543,Trablice,03.20.1991
72,Anderson,Exton,aexton1z@exblog.jp,"Executive Secretary",Male,2618115884847,Tsiroanomandidy,05.24.1991
73,Svend,Chatband,schatband20@amazon.co.uk,"Environmental Specialist",Male,481736076290,Knyszyn,03.27.1995
74,Randolf,Etteridge,retteridge21@umn.edu,"Programmer Analyst II",Male,866508297716,Qingyuan,06.11.1990
75,Arden,Ley,aley22@ycombinator.com,"Software Engineer III",Female,869389543245,Yihe,.
76,Barrie,Richardet,brichardet23@w3.org,"Research Nurse",Female,279198195354,Mtubatuba,07.15.1995
77,Noll,Ludl,nludl24@dropbox.com,Nurse,Male,9638261295946,,01.07.1991
78,Bram,Hambling,bhambling25@accuweather.com,"Technical Writer",Male,3533968546124,,11.11.1994
79,Damian,Boerder,dboerder26@omniture.com,"Senior Sales Associate",Male,861413654294,,10.21.1992
80,Chadd,Lingard,clingard27@oracle.com,"Software Engineer II",Male,74606285014,,02.25.1994
81,Timofei,Klulicek,tklulicek28@wp.com,"Community Outreach Specialist",Male,2514057561908,"Dire Dawa",07.28.1990
82,Melisent,Foggarty,mfoggarty29@marriott.com,"VP Sales",Female,79557435881,"Imeni Zhelyabova",01.25.1993
83,Chucho,Hirjak,chirjak2a@uiuc.edu,"Help Desk Operator",Male,625448854503,,10.22.1988
84,Lorenza,Phinnessy,lphinnessy2b@over-blog.com,"Clinical Specialist",Female,2621483787858,Saint-Denis,08.13.1989
85,Keir,Dillistone,kdillistone2c@redcross.org,"Compensation Analyst",Male,71458899867,,09.24.1991
86,Arther,Baser,abaser2d@usa.gov,Recruiter,Male,79771973601,Golovchino,06.10.1993
87,Kaela,Borham,kborham2e@canalblog.com,"Sales Representative",Female,869375949607,,.
88,Nicole,Siveter,nsiveter2f@wufoo.com,"Director of Sales",Female,627785311517,Orong,02.09.1993
89,Dar,Delle,ddelle2g@t.co,"Dental Hygienist",Male,868885106420,Chengzihe,04.16.1995
90,Jefferey,Witherbed,jwitherbed2h@omniture.com,"Geological Engineer",Male,9658808780348,,01.12.1994
91,Michael,Brownlea,mbrownlea2i@bravesites.com,"VP Accounting",Male,9702349592726,"Bayt ‘Īnūn",12.31.1992
92,Pebrook,Aleksankov,paleksankov2j@un.org,"Cost Accountant",Male,309059350585,Próchoma,04.11.1991
93,Koressa,Douty,kdouty2k@bloglovin.com,"Speech Pathologist",Female,15632620563,Marathon,10.30.1994
94,Isaak,MacGeaney,imacgeaney2l@github.io,"VP Marketing",Male,3806825277162,Kostyantynivka,04.12.1991
95,Brandtr,Sherreard,bsherreard2m@blinklist.com,"General Manager",Male,3532947968311,Ballyboden,.
96,George,Mulryan,gmulryan2n@alexa.com,,Female,,"San Bernardino",05.05.1992
97,Chandler,Ennew,cennew2o@netlog.com,"Clinical Specialist",Male,2256381492213,Sinfra,08.28.1990
98,Zachariah,Courteney,zcourteney2p@businessinsider.com,"Director of Sales",Male,813971212458,,12.04.1993
sdf,asd,as,asd,sd,asd,asd,,sd,asd
100,Tibold,Sunners,tsunners2r@economist.com,"Project Manager",Male,2696749118698,Foumbouni,12.09.1994
101,Trenna,Cupitt,tcupitt2s@dailymail.co.uk,Operator,Female,866114580681,Hexi,09.25.1990
102,Kettie,Wardington,kwardington2t@weibo.com,"Senior Sales Associate",Female,589442276470,"Boca de Uchire",11.09.1988
103,Robinet,Kiddle,rkiddle2u@ox.ac.uk,"VP Accounting",Female,605696447688,Ipoh,05.21.1993
104,Raeann,Cackett,rcackett2v@salon.com,"Assistant Manager",Female,636491771713,Tipolo,04.19.1994
105,Giffer,Brands,gbrands2w@va.gov,"VP Sales",Male,621074884744,Rejoso,.
106,Tally,Vondrys,tvondrys2x@digg.com,"Financial Advisor",Female,483205919015,,12.21.1994
107,Germaine,Westmacott,gwestmacott2y@indiatimes.com,Recruiter,Male,12536171786,Tacoma,10.15.1993
108,Fania,Fassmann,ffassmann2z@ifeng.com,"Desktop Support Technician",Female,638805936157,Besao,03.08.1992
109,Jeddy,Alberts,jalberts30@networkadvertising.org,"Accounting Assistant I",Male,548978716515,Chacabuco,01.26.1991
110,Marcie,Cardenas,mcardenas31@homestead.com,Teacher,Female,603936787951,Ipoh,09.26.1990
111,Colver,Foxen,cfoxen32@sitemeter.com,"Clinical Specialist",Male,546875224378,,04.18.1991
112,Syd,Basketter,sbasketter33@privacy.gov.au,"Financial Advisor",Male,72935261861,Kommunar,06.23.1994
113,Fletcher,Ronaghan,fronaghan34@ebay.com,"Payment Adjustment Coordinator",Male,9632955303533,Jāsim,.
114,Gothart,Meininger,gmeininger35@accuweather.com,"Sales Associate",Male,79873740213,Dostoyevka,.
115,Brandea,Hearty,bhearty36@macromedia.com,"Analyst Programmer",Female,621028519372,Potlot,01.17.1991
116,Phebe,Chastey,pchastey37@amazon.com,"Programmer Analyst III",Female,867989580770,Ji’an,06.27.1992
117,Goraud,Sefton,gsefton38@feedburner.com,"Health Coach I",Male,633073023913,Buliok,.
118,Ole,Jeffcoate,ojeffcoate39@chicagotribune.com,"Compensation Analyst",Male,479619694657,Skien,11.18.1992
119,Jeremias,Lambard,jlambard3a@umn.edu,,Male,,"Qorovulbozor Shahri",.
120,Clementina,Jenkin,cjenkin3b@tamu.edu,"Assistant Professor",Female,862608687828,Laotai,07.30.1991
121,Tabb,Giacobillo,tgiacobillo3c@wordpress.com,"Social Worker",Male,866218084190,Dayou,01.22.1992
122,Mara,Broadley,mbroadley3d@flavors.me,"Help Desk Technician",Female,481611898961,Biała,01.31.1994
123,Gavan,Blees,gblees3e@oracle.com,"Administrative Officer",Male,461045125817,,10.16.1993
124,Letizia,Arnholz,larnholz3f@chronoengine.com,"Tax Accountant",Female,513164734277,Soras,06.10.1990
125,Paddie,Heditch,pheditch3g@digg.com,"VP Product Management",Male,666014837328,Nan,03.17.1995
126,Ulberto,Jeacocke,ujeacocke3h@msn.com,"Nurse Practicioner",Male,637534480612,Pan-an,03.14.1989
127,Jorry,Abelson,jabelson3i@a8.net,,Female,,Adassil,.
128,Averil,Netting,anetting3j@mtv.com,"Staff Scientist",Female,2231923040871,Niono,.
129,Gianni,Stag,gstag3k@indiatimes.com,,Male,,,09.28.1993
130,Celia,Edgecombe,cedgecombe3l@sphinn.com,"Administrative Officer",Female,536243089372,Caibarién,07.15.1993
131,Kaiser,Baynon,kbaynon3m@squarespace.com,"Developer IV",Male,72436645066,,12.20.1989
132,Flynn,Highwood,fhighwood3n@hao123.com,"Senior Editor",Male,637147462367,Mayantoc,.
133,Lemar,"Mac Giolla Pheadair",lmacgiollapheadair3o@dmoz.org,"Safety Technician II",Male,3512226225938,Boavista,07.03.1992
134,Rurik,Dorre,rdorre3p@creativecommons.org,"Structural Analysis Engineer",Male,332758177613,Lyon,.
135,Paulina,Jeandeau,pjeandeau3q@themeforest.net,"Media Manager III",Female,545532340159,,07.09.1995
136,Garrek,Pyford,gpyford3r@tiny.cc,"Account Coordinator",Male,9768776913705,Mandal,03.04.1989
137,Tersina,"O' Concannon",toconcannon3s@army.mil,"Developer III",Female,629679031598,Jantake,.
138,Eli,Perfili,eperfili3t@uiuc.edu,"Nurse Practicioner",Male,3589719214851,Kihniö,07.02.1995
139,Dorelle,Ransom,dransom3u@topsy.com,"Programmer Analyst III",Female,525297154987,,12.06.1989
140,Harper,Motton,hmotton3v@networksolutions.com,"Accounting Assistant IV",Male,17029514380,,08.23.1991
141,Mord,Bern,mbern3w@4shared.com,"Analog Circuit Design manager",Male,868627138754,Tongchuan,01.19.1989
142,Fons,Dorcey,fdorcey3x@tripadvisor.com,"Human Resources Manager",Male,626287199064,Paringin,.
143,Ali,Massimo,amassimo3y@state.gov,"Database Administrator III",Female,74109888633,Udachny,01.26.1994
144,Dorris,Tunniclisse,dtunniclisse3z@wsj.com,"Systems Administrator III",Female,75851862648,Sertolovo,.
145,Erika,Sheppard,esheppard40@ed.gov,"Legal Assistant",Female,523556301000,"San Pedro",.
146,Davie,Haversham,dhaversham41@wunderground.com,"Staff Accountant I",Male,4202308817908,,10.09.1993
147,Sibby,Peller,speller42@eepurl.com,"Structural Analysis Engineer",Female,464372161024,Bromma,06.08.1990
148,Casandra,Lockart,clockart43@unicef.org,Recruiter,Female,557899146108,"Capitão Poço",06.02.1994
149,Adolphus,Muncer,amuncer44@forbes.com,"Research Assistant II",Male,631982711452,Balindong,01.12.1994
150,Paolo,Jagg,pjagg45@example.com,"Chemical Engineer",Male,3521803101833,Strassen,03.17.1992
151,Kiri,Bowlas,kbowlas46@myspace.com,"Account Coordinator",Female,515706131703,,.
152,Jamill,Hamer,jhamer47@ow.ly,"Payment Adjustment Coordinator",Male,78131770883,Kamen’-na-Obi,06.25.1992
153,Laverna,Colbert,lcolbert48@facebook.com,"Nuclear Power Engineer",Female,482875337833,,02.19.1994
154,Carolann,Braune,cbraune49@reddit.com,"GIS Technical Architect",Female,866417934340,Hejia,.
155,Reginald,Whitlaw,rwhitlaw4a@over-blog.com,Librarian,Male,73436825163,Slavyansk-na-Kubani,.
156,Zared,Sweed,zsweed4b@jalbum.net,"Product Engineer",Male,3517023256791,"Olival Basto",01.19.1994
157,Lesya,Franey,lfraney4c@answers.com,"Account Coordinator",Female,9633555684512,"Al Manşūrah",03.19.1991
158,Eben,Pridham,epridham4d@fastcompany.com,"Internal Auditor",Male,484026411672,Sieradza,06.11.1990
159,Warren,Caraher,wcaraher4e@gmpg.org,Teacher,Male,2346348382539,Wasagu,10.12.1993
160,Creigh,Eltune,celtune4f@soup.io,"Automation Specialist IV",Male,869683768810,Changxing,.
161,Woodman,Lamport,wlamport4g@amazon.co.uk,"Systems Administrator I",Male,4206186728468,Buštěhrad,.
162,Trumann,Goroni,tgoroni4h@bravesites.com,"Nurse Practicioner",Male,629978250212,"Banjar Wates Tengah",11.27.1988
163,Susann,Gullan,sgullan4i@homestead.com,"Administrative Assistant IV",Female,861658847358,Luohuang,06.11.1992
164,Karlan,Toffolini,ktoffolini4j@amazon.de,"Assistant Professor",Male,621404145963,Soho,07.18.1995
165,Datha,Hefferon,dhefferon4k@nymag.com,"Quality Control Specialist",Female,556188038925,Carolina,10.20.1993
166,Matthiew,Beteriss,mbeteriss4l@statcounter.com,"Legal Assistant",Male,3812324746716,Prigrevica,03.21.1992
167,Daryl,Emanuelli,demanuelli4m@myspace.com,Pharmacist,Female,868488377075,Muzi,05.20.1992
168,Lewes,Leese,lleese4n@skyrock.com,"Accountant II",Male,624189290976,Keleng,03.12.1990
169,Brady,Secombe,bsecombe4o@tinyurl.com,"Chief Design Engineer",Male,843984773245,"Thị Trấn Na Hang",08.16.1992
170,Karoline,Broun,kbroun4p@deliciousdays.com,"Analog Circuit Design manager",Female,303208890342,,10.08.1992
171,Lexine,Hucks,lhucks4q@engadget.com,"Assistant Media Planner",Female,627718403370,Curug,07.01.1995
172,Stace,Blundin,sblundin4r@adobe.com,"Programmer I",Female,2167445561978,Sahline,.
173,Marleah,Pollen,mpollen4s@toplist.cz,"Director of Sales",Female,666996156905,"Bang Lamung",11.04.1991
174,Sallee,"Van Dijk",svandijk4t@mlb.com,"Help Desk Operator",Female,5953968676240,Tacuatí,10.18.1992
175,Kristofor,Haszard,khaszard4u@printfriendly.com,"GIS Technical Architect",Male,18504845349,Tallahassee,02.25.1992
176,Brose,Cesaric,bcesaric4v@msn.com,"Senior Developer",Male,866836178379,,08.15.1992
177,Benjamen,Pecht,bpecht4w@sciencedirect.com,"Electrical Engineer",Male,3517053913308,Coutada,07.01.1995
178,Broddie,Woolens,bwoolens4x@blogspot.com,"Safety Technician I",Male,863546678584,Wangdain,06.17.1995
179,Norah,Spellacy,nspellacy4y@t.co,"Software Engineer II",Female,626638678609,Cikalaces,05.29.1993
180,Shalom,Benedite,sbenedite4z@wired.com,"Programmer Analyst III",Male,462281126803,Norrköping,08.06.1994
181,Phillida,Huster,phuster50@com.com,"Biostatistician III",Female,867443846405,Sanhui,11.15.1993
182,Burnaby,Chandler,bchandler51@google.com.hk,"VP Product Management",Male,627894794205,Selorejo,03.06.1994
183,Beauregard,Gillard,bgillard52@google.de,"Compensation Analyst",Male,867552489488,,07.05.1994
184,Boothe,Klimshuk,bklimshuk53@typepad.com,Librarian,Male,931765683849,Jawand,06.14.1994
185,Eba,Bolens,ebolens54@sakura.ne.jp,"Help Desk Operator",Female,536849226276,"Santiago de las Vegas",07.03.1990
186,Gilburt,Anthoin,ganthoin55@sfgate.com,,Male,,Chuangwang,12.05.1993
187,Sadie,Hodgets,shodgets56@phoca.cz,"GIS Technical Architect",Female,868759524531,,06.27.1989
188,Doyle,Jarmain,djarmain57@yahoo.co.jp,"Executive Secretary",Male,518113935601,Viraco,.
189,Adelind,Fresson,afresson58@virginia.edu,"Occupational Therapist",Female,72815485610,Kokoshkino,08.09.1992
190,Consalve,Dankersley,cdankersley59@accuweather.com,"Human Resources Assistant I",Male,862112693698,Chengdong,02.19.1992
191,Glyn,Selby,gselby5a@last.fm,"Physical Therapy Assistant",Male,574219805120,,.
192,Orsola,Roots,oroots5b@noaa.gov,"Sales Associate",Female,866645649544,Laocheng,07.23.1992
193,Jessalyn,Grieve,jgrieve5c@shareasale.com,"Electrical Engineer",Female,629398413897,Batang,12.09.1993
194,Miller,"Le Friec",mlefriec5d@reverbnation.com,"Executive Secretary",Male,575095632514,Carolina,04.13.1989
195,Guillema,Kaine,gkaine5e@nationalgeographic.com,"Tax Accountant",Female,19189380595,Tulsa,07.06.1989
196,Keir,Batman,kbatman5f@princeton.edu,"Senior Developer",Male,476975916891,"Kristiansand S",04.08.1994
197,Gabriello,Coronas,gcoronas5g@homestead.com,"Health Coach II",Male,644489094582,Picton,04.21.1992
198,Cori,Gonoude,cgonoude5h@furl.net,"Safety Technician I",Female,2378089070549,Kumba,.
199,Ortensia,Beckensall,obeckensall5i@wordpress.org,"Help Desk Operator",Female,472312286047,,01.16.1993
200,Spike,Mulgrew,smulgrew5j@blogtalkradio.com,Operator,Male,513821404013,Nanchoc,04.11.1995
201,Chryste,Sumner,csumner5k@oaic.gov.au,"Design Engineer",Female,464071037164,Tanumshede,12.23.1993
202,Moses,Revett,mrevett5l@furl.net,"Director of Sales",Male,489521440030,Żabno,03.13.1991
203,Lucille,McKinstry,lmckinstry5m@ocn.ne.jp,"Financial Analyst",Female,2163554286091,,01.18.1989
204,Germain,Klageman,gklageman5n@github.io,"Environmental Tech",Female,17639034013,Minneapolis,08.10.1992
205,Alexei,O'Doherty,aodoherty5o@gravatar.com,,Male,,,11.05.1993
206,Correy,Burnes,cburnes5p@e-recht24.de,"Automation Specialist I",Male,555665752076,"Santo Amaro",04.15.1989
207,Ugo,Daykin,udaykin5q@freewebs.com,"Sales Representative",Male,5044042275640,Cucuyagua,12.17.1988
208,Moreen,Ossipenko,mossipenko5r@oakley.com,,Female,,Porteirinha,09.08.1995
209,Dur,Bullocke,dbullocke5s@geocities.jp,"VP Product Management",Male,623049330961,Curuggoong,02.02.1991
210,Zeke,Gulc,zgulc5t@disqus.com,"Account Coordinator",Male,866086831874,,10.08.1989
211,Jacquette,O'Kelly,jokelly5u@pcworld.com,"Senior Developer",Female,2352486025449,Mongo,04.06.1994
212,Kim,Roote,kroote5v@cdbaby.com,"Human Resources Manager",Female,3877725232442,Podhum,08.10.1994
213,Queenie,Dikes,qdikes5w@smugmug.com,"Programmer III",Female,862805074444,,10.07.1988
214,Rey,Luno,rluno5x@nba.com,Paralegal,Female,14479634162,Saint-Augustin,11.26.1993
215,Golda,Hansie,ghansie5y@addtoany.com,"Recruiting Manager",Female,862577473621,Andou,.
216,Ranice,Drewet,rdrewet5z@vistaprint.com,"Help Desk Technician",Female,866175300942,,04.27.1989
217,Kleon,Minot,kminot60@biblegateway.com,"VP Marketing",Male,17098868585,"Andros Town",.
218,Ari,Madoc-Jones,amadocjones61@surveymonkey.com,"Accountant III",Male,529091327586,"Los Fresnos",07.21.1992
219,Culver,Langelaan,clangelaan62@mozilla.com,"Budget/Accounting Analyst III",Male,577081913893,Guacarí,09.18.1990
220,Jarvis,Wookey,jwookey63@sourceforge.net,"Civil Engineer",Male,488918062078,,.
221,Chery,Brayshaw,cbrayshaw64@parallels.com,Actuary,Female,626827305775,Ngembak,11.03.1992
222,Ellene,Ragg,eragg65@google.ca,"Senior Developer",Female,465448890497,Tungelsta,.
223,Collete,Darridon,cdarridon66@twitter.com,"Research Assistant I",Female,577195144352,Cereté,12.29.1994
224,Bernardo,Egginson,begginson67@accuweather.com,Operator,Male,861723987760,,03.05.1993
225,Durante,Bradfield,dbradfield68@nps.gov,"Nuclear Power Engineer",Male,815881308591,,08.05.1993
226,Sherwin,Kynder,skynder69@prweb.com,"Environmental Specialist",Male,3859419598552,Orahovica,10.24.1994
227,Sadye,Mattielli,smattielli6a@sbwire.com,"Environmental Specialist",Female,818227079265,Kimitsu,10.13.1990
228,Conway,Venner,cvenner6b@npr.org,,Male,,Cennan,03.18.1995
229,Sammy,Letcher,sletcher6c@ted.com,"Executive Secretary",Female,3749748148056,Mayisyan,12.15.1989
230,Edgardo,Haimes,ehaimes6d@apache.org,"Senior Financial Analyst",Male,484072312855,"Międzybrodzie Bialskie",.
231,Tito,Lente,tlente6e@dropbox.com,"Biostatistician I",Male,3512745886770,Arganil,.
232,Sonya,Daynter,sdaynter6f@timesonline.co.uk,Operator,Female,629636213932,,07.20.1993
233,Shena,Spadollini,sspadollini6g@google.com.hk,"Information Systems Manager",Female,662305728850,Kamalasai,.
234,Candis,Rolfe,crolfe6h@miibeian.gov.cn,"Computer Systems Analyst I",Female,2367987073411,Alindao,06.11.1993
235,Gill,Motten,gmotten6i@wikimedia.org,"Tax Accountant",Female,633739832396,Pitogo,01.30.1995
236,Guglielmo,Dadswell,gdadswell6j@amazonaws.com,"Mechanical Systems Engineer",Male,2428851837520,Basoko,03.15.1989
237,Daveen,Ledrane,dledrane6k@furl.net,Paralegal,Female,869735113128,,.
238,Calypso,FitzAlan,cfitzalan6l@state.gov,,Female,,"El Carmen",05.21.1991
239,Jeno,Scrowton,jscrowton6m@cbc.ca,"Biostatistician I",Male,665721376289,"Thap Than",08.22.1989
240,Miltie,Diack,mdiack6n@intel.com,"Accounting Assistant IV",Male,865197433851,Gulong,.
241,Carlotta,Bulfoot,cbulfoot6o@yandex.ru,"Marketing Assistant",Female,9635257815912,"As Sawdā",11.22.1989
242,Adriana,MacDonell,amacdonell6p@hao123.com,"Web Designer IV",Female,3515173259685,,03.16.1994
243,Arline,Fesby,afesby6q@bbb.org,"Electrical Engineer",Female,2699852340537,Madjeouéni,03.25.1992
244,Vivyanne,Hukins,vhukins6r@ucsd.edu,,Female,,"Tafí Viejo",06.14.1990
245,Morgan,Grummitt,mgrummitt6s@ucsd.edu,"Staff Scientist",Male,13035102872,Denver,10.09.1993
246,Celesta,Tamas,ctamas6t@gov.uk,"Research Nurse",Female,816164208263,Kōnan,03.11.1990
247,Mord,Ivanin,mivanin6u@blogger.com,"Social Worker",Male,556958469042,,10.11.1990
248,Obediah,Esmonde,oesmonde6v@yahoo.co.jp,Operator,Male,3518969900456,"Santo André",05.13.1990
249,Monti,Bucky,mbucky6w@uol.com.br,,Male,,,12.13.1988
250,Sybila,Linnock,slinnock6x@360.cn,"Geologist II",Female,5915087309079,Mairana,07.29.1994
251,Hank,Fomichyov,hfomichyov6y@reverbnation.com,"Information Systems Manager",Male,2695665460032,Chironkamba,12.09.1993
252,Markos,Worge,mworge6z@sbwire.com,"Desktop Support Technician",Male,9707364416313,"Banī Suhaylā",12.12.1990
253,Haley,Sagg,hsagg70@gizmodo.com,"Research Assistant I",Female,629118715646,Mersam,10.04.1990
254,Alden,Renak,arenak71@cdbaby.com,"Assistant Manager",Male,631796350657,Bailan,04.24.1991
255,Lindsey,Goodin,lgoodin72@infoseek.co.jp,"Junior Executive",Female,3519477069316,,07.29.1990
256,Hedvige,Marrill,hmarrill73@google.pl,"Biostatistician I",Female,625438336100,Bogorejo,09.16.1993
257,Roshelle,Lett,rlett74@webeden.co.uk,,Female,,Hongjia,06.15.1990
258,Alphard,Beelby,abeelby75@google.fr,"Legal Assistant",Male,463234747543,,10.01.1993
259,Belicia,Shulem,bshulem76@technorati.com,"Civil Engineer",Female,868045382241,,02.28.1993
260,Wally,Wollacott,wwollacott77@nhs.uk,"Senior Sales Associate",Male,554806970087,Pindobaçu,12.05.1989
261,Rowland,McIlveen,rmcilveen78@macromedia.com,"Research Assistant I",Male,866644680977,,04.23.1992
262,Jody,Tyght,jtyght79@pbs.org,"Mechanical Systems Engineer",Male,467242892678,Trollhättan,.
263,Arman,Stiller,astiller7a@reuters.com,"Desktop Support Technician",Male,664181174117,"Phra Nakhon Si Ayutthaya",09.09.1993
264,Ashley,Luddy,aluddy7b@imgur.com,"Information Systems Manager",Male,13605855869,Seattle,09.17.1994
265,Ardella,Louche,alouche7c@wisc.edu,"Automation Specialist I",Female,3899475918001,Арачиново,09.13.1990
266,Aleta,Polsin,apolsin7d@dailymail.co.uk,"Structural Engineer",Female,8869563743946,Taibao,.
267,Chandra,Larmour,clarmour7e@auda.org.au,Operator,Female,9952312029802,,03.30.1995
268,Lowell,Tumber,ltumber7f@alibaba.com,"Office Assistant II",Male,461052786242,Pajala,06.02.1995
269,Devland,Turney,dturney7g@si.edu,"Web Designer II",Male,3801155219650,Bashtanka,05.17.1992
270,Justino,Gambles,jgambles7h@amazonaws.com,"Environmental Tech",Male,484599158434,,06.20.1989
271,Igor,Bronger,ibronger7i@google.nl,"Account Representative III",Male,2517129473106,Mendī,03.04.1989
272,Brod,Heathcott,bheathcott7j@360.cn,"Software Consultant",Male,9948017457020,,.
273,Rochell,Vandenhoff,rvandenhoff7k@example.com,"Environmental Specialist",Female,2609931402922,Petauke,.
274,Shelagh,Belchamber,sbelchamber7l@ox.ac.uk,Teacher,Female,392457554322,,05.15.1994
275,Virgina,Saylor,vsaylor7m@samsung.com,,Female,,,11.23.1994
276,Lockwood,McCafferty,lmccafferty7n@nature.com,"Administrative Officer",Male,465759767906,Borås,09.25.1991
277,Ilyssa,Oakenford,ioakenford7o@ft.com,"VP Accounting",Female,2348718029319,Illushi,09.02.1992
278,Giulio,Hansford,ghansford7p@woothemes.com,"Mechanical Systems Engineer",Male,303709764278,,01.04.1992
279,Anna-diana,Warrender,awarrender7q@loc.gov,"Product Engineer",Female,633288181714,,01.26.1993
280,Gare,Crosgrove,gcrosgrove7r@about.com,"Marketing Assistant",Male,861101333829,Shicang,10.15.1989
281,Dona,MacDunlevy,dmacdunlevy7s@icio.us,"Senior Quality Engineer",Female,862356251250,Longquan,12.12.1989
282,Shanan,Winmill,swinmill7t@istockphoto.com,"Clinical Specialist",Male,71082922031,Kapshagay,09.27.1992
283,Jolyn,Vina,jvina7u@storify.com,"Account Representative IV",Female,4209911705442,Planá,01.07.1990
284,Farrand,Koeppke,fkoeppke7v@utexas.edu,Recruiter,Female,486596159041,Koszęcin,02.21.1995
285,Arron,Redley,aredley7w@ezinearticles.com,"Cost Accountant",Male,481427268177,Brzeszcze,05.31.1989
286,Elana,Birnie,ebirnie7x@sbwire.com,,Female,,,.
287,Tanny,Minshull,tminshull7y@skype.com,"Human Resources Manager",Male,2308221506446,Mahébourg,10.04.1989
288,Aurie,Spooner,aspooner7z@bravesites.com,"Tax Accountant",Female,864227278033,Beiling,10.23.1991
289,Brewster,Scopes,bscopes80@nasa.gov,"Environmental Tech",Male,16022862240,Phoenix,.
290,Brynna,Bartlomiejczyk,bbartlomiejczyk81@ning.com,"VP Product Management",Female,9946183970189,Buzovna,03.08.1995
291,Tabb,Kruszelnicki,tkruszelnicki82@berkeley.edu,"Health Coach II",Male,79013326514,Ust-Kamenogorsk,11.01.1990
292,Christan,Messum,cmessum83@ebay.co.uk,"VP Sales",Female,862708307578,Yongjiahe,04.15.1989
293,Lorraine,Lanfare,llanfare84@loc.gov,"Senior Cost Accountant",Female,549456863405,Olavarría,07.03.1995
294,Carilyn,Copozio,ccopozio85@indiegogo.com,"Speech Pathologist",Female,628783398913,"Krajan Pundungsari",11.27.1989
295,Dido,Kyndred,dkyndred86@chron.com,"Safety Technician II",Female,865003701877,Baoshan,11.24.1994
296,Erl,Gwilliams,egwilliams87@phoca.cz,"Recruiting Manager",Male,864578204264,,11.03.1988
297,Tim,Josefsson,tjosefsson88@netlog.com,"Marketing Assistant",Female,865418334559,Linqu,11.26.1994
298,Huntley,Laetham,hlaetham89@biglobe.ne.jp,"Software Engineer II",Male,663575535747,Yasothon,.
299,Quintin,Taber,qtaber8a@t-online.de,"Speech Pathologist",Male,4208652514067,Záhorovice,04.21.1990
300,Orelie,Stickings,ostickings8b@a8.net,"Research Nurse",Female,579833460919,Galapa,07.08.1992
301,Kyle,Buston,kbuston8c@oakley.com,"Assistant Manager",Female,552143355113,,08.20.1992
302,Chancey,McCaughey,cmccaughey8d@blinklist.com,"Automation Specialist IV",Male,542433602823,Formosa,01.11.1990
303,Rollins,Jestico,rjestico8e@mayoclinic.com,"Geological Engineer",Male,3513577441247,Bouça,12.04.1992
304,Carlynne,Privost,cprivost8f@yolasite.com,"Account Representative IV",Female,278338327520,KwaMbonambi,04.26.1989
305,Creight,Carver,ccarver8g@amazon.co.jp,Paralegal,Male,485897402148,Rybie,01.27.1991
306,Skell,Domnin,sdomnin8h@oaic.gov.au,"Senior Quality Engineer",Male,301297942659,Évosmos,03.02.1989
307,Anderea,Smitheman,asmitheman8i@jigsy.com,"Compensation Analyst",Female,19173038606,,.
308,Dorothy,Suffe,dsuffe8j@nifty.com,"Engineer IV",Female,3586733398203,,08.17.1993
309,Faulkner,Billson,fbillson8k@narod.ru,Librarian,Male,2605671541100,Nyimba,.
310,Abbe,Creese,acreese8l@cbsnews.com,"Payment Adjustment Coordinator",Male,579816217767,Mocoa,05.11.1991
311,Wait,Ratazzi,wratazzi8m@tripod.com,"Accounting Assistant I",Male,3564082924623,Haz-Zebbug,07.17.1994
312,Ezra,Nother,enother8n@privacy.gov.au,"Programmer Analyst IV",Male,3514485295292,,01.26.1990
313,Adela,Maleck,amaleck8o@google.com.hk,"VP Product Management",Female,5042282613498,"Dulce Nombre de Culmí",01.05.1995
314,Kessiah,Sarver,ksarver8p@w3.org,"Safety Technician II",Female,515916035351,Ocucaje,08.01.1992
315,Byrann,O'Fallon,bofallon8q@freewebs.com,"Office Assistant I",Male,626546698923,,04.05.1993
316,Konstance,Davisson,kdavisson8r@sourceforge.net,"Senior Financial Analyst",Female,9701561602321,,09.17.1991
317,Lenette,Villaron,lvillaron8s@loc.gov,Librarian,Female,623572565902,Gununganyar,06.11.1994
318,Price,Rogger,progger8t@examiner.com,,Male,,,10.27.1992
319,Moira,Geldard,mgeldard8u@omniture.com,"Marketing Manager",Female,551327917890,,09.11.1990
320,Tomi,Graddell,tgraddell8v@omniture.com,Librarian,Female,862417634300,Zhongjiapu,08.28.1995
321,Barbaraanne,Fiddian,bfiddian8w@zimbio.com,"Analog Circuit Design manager",Female,865006286824,Xuancheng,02.18.1994
322,Emyle,Tolossi,etolossi8x@dagondesign.com,Teacher,Female,5958645756295,Belén,08.01.1990
323,Jeana,Jirasek,jjirasek8y@mapy.cz,"Assistant Manager",Female,629241925232,Nangewer,10.17.1993
324,Spencer,Frankel,sfrankel8z@ted.com,"VP Quality Control",Male,624654073388,Belajen,06.12.1989
325,Erma,Camden,ecamden90@wikipedia.org,"Senior Cost Accountant",Female,622389477752,,05.30.1993
326,Catarina,Camell,ccamell91@blogs.com,"Internal Auditor",Female,863012775191,Dongshan,11.04.1989
327,Bonnibelle,Wisdish,bwisdish92@upenn.edu,"Financial Advisor",Female,468658365818,Stockholm,10.01.1993
328,Lorenzo,Kingswoode,lkingswoode93@wikispaces.com,"Account Executive",Male,4204297994526,Hrotovice,10.04.1990
329,Pam,Abrahmovici,pabrahmovici94@microsoft.com,Nurse,Female,3515803773833,Campanário,03.10.1995
330,Nessie,Storror,nstorror95@phpbb.com,"VP Sales",Female,2553931870803,,07.19.1994
331,Eddy,"De Andisie",edeandisie96@yolasite.com,"Web Designer II",Male,863572646206,Pinglumiao,10.16.1990
332,Binny,Piscotti,bpiscotti97@360.cn,"Geologist IV",Female,3514135605003,Corujeira,08.16.1992
333,Rosalind,Stiff,rstiff98@wired.com,"Safety Technician II",Female,546796261932,"Las Varillas",.
334,Ingaberg,Hollow,ihollow99@unesco.org,"Sales Representative",Female,538158365863,Cienfuegos,.
335,Rivy,Capon,rcapon9a@quantcast.com,"Database Administrator IV",Female,559943525057,"União dos Palmares",.
336,Clark,Mucklow,cmucklow9b@usatoday.com,"Computer Systems Analyst I",Male,9779978475738,Wāling,08.14.1989
337,Kath,Dorricott,kdorricott9c@columbia.edu,"Administrative Officer",Female,861366563313,Ganlin,05.16.1993
338,Justine,Seywood,jseywood9d@tumblr.com,"Legal Assistant",Female,869326464835,Shimen,09.29.1992
339,Corinne,Grasser,cgrasser9e@booking.com,"Clinical Specialist",Female,636093740616,,01.31.1994
340,Allyn,McKeran,amckeran9f@jugem.jp,"Recruiting Manager",Male,552872783938,,11.19.1994
341,Nerte,Colson,ncolson9g@instagram.com,"Senior Editor",Female,464262412666,Mora,.
342,Adda,MacShirie,amacshirie9h@loc.gov,"Senior Editor",Female,624112408021,"Kebonsari Kidul",06.18.1995
343,Sherwynd,Million,smillion9i@webeden.co.uk,"VP Product Management",Male,482855775126,Chojnice,08.12.1993
344,Justus,Rodway,jrodway9j@buzzfeed.com,"Account Representative II",Male,475401227518,,.
345,Teddy,Pancoast,tpancoast9k@twitter.com,"Financial Analyst",Male,4208404168497,Břasy,11.15.1994
346,Florencia,Eginton,feginton9l@fastcompany.com,"Product Engineer",Female,554675896198,,07.08.1990
347,Dagmar,Sever,dsever9m@java.com,"Technical Writer",Female,332729152589,Wasquehal,07.16.1994
348,Bradly,Champagne,bchampagne9n@cafepress.com,"Web Developer IV",Male,867998715265,Wuluquele,.
349,Lewes,Rayner,lrayner9o@issuu.com,"Structural Analysis Engineer",Male,15421847393,"Guam Government House",09.02.1995
350,Lynna,Harbar,lharbar9p@washington.edu,"Analyst Programmer",Female,3865906077010,Hodoš,04.27.1990
351,Davey,Iamittii,diamittii9q@ebay.com,"Junior Executive",Male,866902952871,Hongsihu,10.14.1988
352,Lemmie,Mapletoft,lmapletoft9r@domainmarket.com,"Assistant Professor",Male,3742726286271,Getazat,08.19.1995
353,Kerwinn,Goodsall,kgoodsall9s@amazon.co.jp,"Cost Accountant",Male,305269857555,,09.05.1989
354,Sher,Ivanenkov,sivanenkov9t@ifeng.com,"Programmer Analyst IV",Female,494187739080,Essen,06.18.1991
355,Shaun,Berrisford,sberrisford9u@dell.com,"Financial Advisor",Male,4201394587325,,.
356,Pyotr,Duthy,pduthy9v@friendfeed.com,"Senior Editor",Male,869005653880,Jingmao,12.01.1994
357,Shelba,McCaighey,smccaighey9w@shop-pro.jp,"Web Designer II",Female,626263677568,,09.06.1995
358,Trev,Littler,tlittler9x@japanpost.jp,,Male,,,12.17.1992
359,Gustave,Cheney,gcheney9y@biglobe.ne.jp,Nurse,Male,622747752041,Randu,09.25.1991
360,Johnathon,Escalante,jescalante9z@so-net.ne.jp,"Internal Auditor",Male,665808989070,Phetchabun,08.02.1995
361,Brantley,Eagleston,beaglestona0@oracle.com,"Electrical Engineer",Male,2975008786199,Angochi,.
362,Clotilda,Langshaw,clangshawa1@ftc.gov,"Food Chemist",Female,518235729396,,07.12.1993
363,Juli,Knewstubb,jknewstubba2@aol.com,"Quality Control Specialist",Female,868463615606,Lincheng,05.24.1989
364,Thaxter,Biffin,tbiffina3@mozilla.com,"Analog Circuit Design manager",Male,557142354390,Crato,10.09.1992
365,Emmalynne,Cotta,ecottaa4@sitemeter.com,"Analyst Programmer",Female,622894811935,"Banjar Bias",10.02.1989
366,Edgardo,Core,ecorea5@themeforest.net,Actuary,Male,668197590541,Bangkok,05.03.1991
367,Marley,Manuel,mmanuela6@facebook.com,Operator,Female,867004340551,Xianyuan,06.08.1990
368,Cull,Davern,cdaverna7@sciencedaily.com,,Male,,,.
369,Don,Tewkesbury,dtewkesburya8@ucla.edu,"Quality Engineer",Male,14446511189,"St. Catharines",03.06.1993
370,Saw,Charrington,scharringtona9@smh.com.au,"Senior Cost Accountant",Male,634484388796,Candelaria,03.10.1992
371,Daisey,Gartin,dgartinaa@ucla.edu,"Cost Accountant",Female,524038879253,Independencia,08.31.1993
372,Tam,Fidian,tfidianab@ebay.co.uk,"VP Quality Control",Male,71022310330,,08.18.1991
373,Ilario,McKeighan,imckeighanac@photobucket.com,"Dental Hygienist",Male,2344263888196,Langtang,06.21.1992
374,Ianthe,Scutchin,iscutchinad@bing.com,"Financial Analyst",Female,334014819220,"La Valette-du-Var",09.07.1994
375,Mart,Smowton,msmowtonae@examiner.com,"Social Worker",Male,336269810057,,07.31.1993
376,Binny,Argrave,bargraveaf@mit.edu,"Physical Therapy Assistant",Female,553066214319,,08.01.1992
377,Annabell,Skynner,askynnerag@vk.com,"Media Manager IV",Female,864635778062,,05.07.1995
378,Antonio,Bridywater,abridywaterah@github.com,"Senior Editor",Male,644862397154,,09.11.1990
379,Kaspar,Vedishchev,kvedishchevai@archive.org,"Product Engineer",Male,868255916154,,11.29.1992
380,Peg,Cherrison,pcherrisonaj@vk.com,,Female,,Alagoinhas,09.22.1991
381,Justinian,Lea,jleaak@newyorker.com,"Environmental Tech",Male,869158866628,Dandian,03.31.1991
382,Beale,Speak,bspeakal@godaddy.com,"GIS Technical Architect",Male,522001504713,"Lazaro Cardenas",.
383,Cobby,Goodlad,cgoodladam@reuters.com,"Director of Sales",Male,2253026554172,Abobo,03.20.1995
384,Jemie,Grendon,jgrendonan@tuttocitta.it,"Marketing Manager",Female,634274403177,,08.24.1995
385,Lynn,Westley,lwestleyao@github.io,"Junior Executive",Female,481876013219,,08.19.1989
386,Kristoforo,Tallyn,ktallynap@indiatimes.com,"Project Manager",Male,4207736794530,,03.24.1992
387,Burt,Thorneywork,bthorneyworkaq@yelp.com,"Business Systems Development Analyst",Male,866262727808,Qiling,10.19.1993
388,Emilia,Bruyns,ebruynsar@gravatar.com,"VP Quality Control",Female,865344279639,,02.02.1991
389,Bear,Assinder,bassinderas@livejournal.com,"Accounting Assistant II",Male,629229072961,Tobelo,09.01.1994
390,Guy,Whitnall,gwhitnallat@nba.com,"Physical Therapy Assistant",Male,78455259245,,.
391,Laurena,Vickors,lvickorsau@bluehost.com,"Budget/Accounting Analyst IV",Female,518305742346,Iberia,12.13.1992
392,Leontine,Bouskill,lbouskillav@springer.com,"Assistant Manager",Female,861269722401,Xingdian,09.08.1993
393,Edvard,Dunkerley,edunkerleyaw@sogou.com,"General Manager",Male,3516715367195,Parreira,05.31.1989
394,Olenka,Steutly,osteutlyax@loc.gov,"Speech Pathologist",Female,847407587350,"Hưng Yên",03.18.1992
395,Ruthanne,Symonds,rsymondsay@goo.ne.jp,"Web Designer I",Female,74577616084,Dmitriyevskaya,05.29.1993
396,Zolly,Tembey,ztembeyaz@typepad.com,"Senior Editor",Male,623478356978,,07.29.1989
397,Vida,Bertram,vbertramb0@google.co.uk,"Help Desk Technician",Female,2235158273375,,09.06.1990
398,Shermy,Gaze,sgazeb1@sakura.ne.jp,Editor,Male,632982824775,Maramag,01.14.1991
399,Tiffy,Balden,tbaldenb2@va.gov,"Database Administrator I",Female,9951968627903,,10.28.1993
400,Arnuad,Kilgour,akilgourb3@ovh.net,Recruiter,Male,624332453605,Salawu,.
401,Goldina,Chattock,gchattockb4@goodreads.com,"Dental Hygienist",Female,951584758233,Twante,09.28.1994
402,Millicent,Petkens,mpetkensb5@prnewswire.com,Paralegal,Female,846395030288,"Đắk Song",06.09.1993
403,Terri,Ronan,tronanb6@hhs.gov,"Account Representative II",Male,865442449228,Huangxi,02.22.1993
404,Arabella,Helkin,ahelkinb7@bloglines.com,,Female,,Concordia,07.13.1992
405,Hamid,Huckfield,hhuckfieldb8@columbia.edu,"Software Consultant",Male,2374439081679,Tibati,.
406,Etti,Ellershaw,eellershawb9@paginegialle.it,"Software Test Engineer I",Female,625815674040,Sukasirna,11.27.1990
407,Monty,Witheridge,mwitheridgeba@addthis.com,,Male,,"Fenais da Ajuda",01.23.1990
408,Nelson,Houltham,nhoulthambb@house.gov,"Senior Quality Engineer",Male,5042475657169,"San Antonio",11.03.1992
409,Ilka,McInally,imcinallybc@quantcast.com,"Tax Accountant",Female,862107531071,Mingcheng,10.01.1991
410,Maison,Hawley,mhawleybd@acquirethisname.com,"Marketing Manager",Male,622512531282,Muara,03.31.1992
411,Catha,Beckhouse,cbeckhousebe@ucsd.edu,"Accountant II",Female,271088911816,,07.20.1994
412,Janene,Obert,jobertbf@123-reg.co.uk,"Analyst Programmer",Female,511691547870,Urpay,05.21.1994
413,Mellie,Kenwell,mkenwellbg@creativecommons.org,"Research Nurse",Female,9678841508764,Laḩij,10.17.1994
414,Mercie,Vannoort,mvannoortbh@51.la,"Registered Nurse",Female,861347198013,Huanghuatan,.
415,Carrol,Winram,cwinrambi@jiathis.com,"Graphic Designer",Male,2398136822420,,04.10.1995
416,Horten,Harniman,hharnimanbj@yelp.com,"Account Representative IV",Male,337565395257,,.
417,Howey,Pischoff,hpischoffbk@un.org,"Social Worker",Male,865094326587,Henghe,06.15.1990
418,Vivie,Barbara,vbarbarabl@canalblog.com,"VP Quality Control",Female,3562476806829,Imtarfa,10.17.1990
419,Teador,Dooland,tdoolandbm@engadget.com,"Senior Developer",Male,15716258707,,.
420,Shayla,Putman,sputmanbn@rambler.ru,"Analog Circuit Design manager",Female,2528708062860,Ceerigaabo,03.14.1994
421,Hamlin,Bruhke,hbruhkebo@yandex.ru,"Sales Associate",Male,625894698587,"Tanjung Timur",08.27.1992
422,Xenos,Kubanek,xkubanekbp@pinterest.com,"Marketing Assistant",Male,2563556125745,Hoima,08.01.1991
423,Dawn,Iannelli,diannellibq@admin.ch,"Analog Circuit Design manager",Female,77248034293,Pervoavgustovskiy,07.18.1992
424,Brooks,Peddersen,bpeddersenbr@independent.co.uk,"Environmental Tech",Male,863649299284,Shekou,04.20.1991
425,Joni,Freer,jfreerbs@wordpress.com,Professor,Female,622729594776,Ancol,.
426,Yalonda,Kynston,ykynstonbt@reference.com,"Technical Writer",Female,638348008410,,07.12.1994
427,Luise,Gruszczak,lgruszczakbu@ox.ac.uk,"Quality Engineer",Female,819721495356,,03.21.1991
428,Juliann,Lints,jlintsbv@slate.com,"Human Resources Assistant III",Female,3553432886910,,12.22.1988
429,Felic,Antal,fantalbw@house.gov,"Registered Nurse",Male,847262688885,"Thanh Ba",10.10.1989
430,Georgia,O'Hanlon,gohanlonbx@marketwatch.com,"Technical Writer",Female,2241396409265,Forécariah,06.13.1994
431,Lodovico,Pettie,lpettieby@fda.gov,"Account Coordinator",Male,862506798476,"Tiantai Chengguanzhen",12.25.1990
432,Cornell,Rackham,crackhambz@linkedin.com,"Clinical Specialist",Male,512914653922,,11.21.1988
433,Brandice,Morriarty,bmorriartyc0@about.com,"Accountant III",Female,627442954052,,02.23.1989
434,Dall,Linge,dlingec1@imgur.com,"Web Designer IV",Male,868926807831,Wudian,02.05.1990
435,Tabb,Stennard,tstennardc2@squidoo.com,"Sales Representative",Male,869196718576,,.
436,Milka,Luard,mluardc3@ca.gov,"Data Coordiator",Female,13814956620,Sainte-Martine,10.27.1993
437,Rogers,Brinkman,rbrinkmanc4@howstuffworks.com,"Account Representative I",Male,624567211678,,12.19.1994
438,Corbet,Venard,cvenardc5@blogspot.com,"Software Engineer III",Male,76503620373,Novozavedennoye,12.30.1990
439,Rosina,Bristo,rbristoc6@nhs.uk,"VP Quality Control",Female,667539599147,,02.22.1994
440,Meredeth,Mapowder,mmapowderc7@globo.com,"Speech Pathologist",Male,868321230931,Xindong,10.16.1992
441,Haven,Vagges,hvaggesc8@rambler.ru,"Biostatistician IV",Male,12977853502,,07.09.1993
442,Myles,Lashmore,mlashmorec9@xrea.com,"Chief Design Engineer",Male,629061453481,Campurrejo,12.02.1988
443,Chloe,Sommerly,csommerlyca@patch.com,"Compensation Analyst",Female,543727043924,Comallo,12.03.1988
444,Chaunce,Alliker,callikercb@sourceforge.net,"Marketing Assistant",Male,861356734807,Xiaopu,03.14.1994
445,Petr,Tabourel,ptabourelcc@amazonaws.com,"Account Coordinator",Male,3516725960917,"Foros de Salvaterra",11.21.1992
446,Cary,Sans,csanscd@hostgator.com,"Software Consultant",Male,626761006807,Pohbango,11.11.1993
447,Averill,Sute,asutece@gravatar.com,"Quality Control Specialist",Male,75447323168,Lorino,01.29.1993
448,Roxanne,Offin,roffincf@istockphoto.com,"Environmental Specialist",Female,77642535136,,11.13.1989
449,Byrle,Blaske,bblaskecg@kickstarter.com,"Systems Administrator III",Male,562603222024,Vicuña,.
450,Myriam,Bouldon,mbouldonch@time.com,"Nurse Practicioner",Female,9619055143450,,.
451,Renard,Lingfoot,rlingfootci@ustream.tv,"VP Product Management",Male,629205943350,,08.31.1992
452,Cy,Dudmarsh,cdudmarshcj@nationalgeographic.com,"Software Consultant",Male,71342727677,Syktyvkar,.
453,Bart,Seif,bseifck@loc.gov,"Account Representative III",Male,339194411028,Lisieux,04.17.1993
454,Dewey,Berk,dberkcl@engadget.com,"Geologist II",Male,466857065445,Ellös,01.09.1989
455,Cecilia,Durgan,cdurgancm@army.mil,"Staff Scientist",Female,861068817242,Zhanxu,07.10.1989
456,Camila,Bragger,cbraggercn@state.tx.us,"Tax Accountant",Female,515757498875,"Pueblo Nuevo",09.01.1989
457,Jard,Okroy,jokroyco@bandcamp.com,"Structural Analysis Engineer",Male,861506346571,Wenjiao,12.11.1993
458,Peadar,Triplow,ptriplowcp@miitbeian.gov.cn,"Analyst Programmer",Male,816635186642,Kozakai-chō,03.13.1990
459,Nikolai,Dummett,ndummettcq@jimdo.com,"VP Product Management",Male,812969454894,Ishigaki,04.15.1995
460,Chan,Mochan,cmochancr@latimes.com,"Account Coordinator",Male,3558762107090,Gjinkar,10.07.1994
461,Hanny,Heindle,hheindlecs@baidu.com,"Engineer IV",Female,863074242721,Jiucaigou,08.04.1994
462,Barbra,Beamish,bbeamishct@blog.com,"Occupational Therapist",Female,17574527074,"Newport News",06.27.1995
463,Andy,Soall,asoallcu@google.it,"Research Nurse",Female,311895936193,Arnhem,05.02.1990
464,Gillan,Savidge,gsavidgecv@columbia.edu,"Statistician IV",Female,861016836026,Chidian,.
465,Kata,Dalman,kdalmancw@1688.com,"Software Engineer II",Female,623716099023,Pakel,02.26.1995
466,Boote,Duns,bdunscx@infoseek.co.jp,"Senior Editor",Male,524972243136,"Francisco Villa",07.17.1994
467,Milo,Ocklin,mocklincy@issuu.com,"Account Coordinator",Male,535473081886,,03.25.1992
468,Seamus,Thomsson,sthomssoncz@symantec.com,"Senior Cost Accountant",Male,5065873687032,Bagaces,11.30.1994
469,Ryon,Tirkin,rtirkind0@shinystat.com,"Help Desk Technician",Male,78202875107,Karagandy,08.14.1993
470,Vyky,Ecclestone,vecclestoned1@php.net,"Quality Control Specialist",Female,866365007028,,.
471,Kathryne,Piscotti,kpiscottid2@discuz.net,"Assistant Media Planner",Female,624423275799,"Jayaraga Kaler",08.23.1993
472,Jennette,Beceril,jbecerild3@cnet.com,"Programmer II",Female,868811523722,Huanggexi,.
473,Fabio,Emeline,femelined4@noaa.gov,"Marketing Manager",Male,861135903339,Sanjiang,08.08.1992
474,Hamilton,Kilborn,hkilbornd5@apache.org,"Compensation Analyst",Male,5065233886707,Esparza,09.26.1990
475,Roscoe,Goor,rgoord6@1688.com,"Automation Specialist IV",Male,343102555434,,04.08.1993
476,Donavon,Ridewood,dridewoodd7@ted.com,"Programmer Analyst III",Male,332675005978,"Paris 19",09.07.1993
477,Tedda,Bockin,tbockind8@cnbc.com,"Assistant Manager",Female,3599029334975,Kŭrdzhali,03.13.1991
478,Merrili,Daborne,mdaborned9@toplist.cz,"Quality Control Specialist",Female,3555431023297,,.
479,Vikki,Venn,vvennda@ft.com,"GIS Technical Architect",Female,78766091409,Goryachevodskiy,04.30.1995
480,Marj,Godier,mgodierdb@hao123.com,"Quality Control Specialist",Female,3859394929294,Krasica,.
481,Dunc,Asel,daseldc@engadget.com,"Physical Therapy Assistant",Male,863259161820,Zhendong,05.12.1995
482,Ree,Boath,rboathdd@arstechnica.com,"Software Test Engineer I",Female,3861039546628,Vuzenica,01.13.1990
483,Millie,Croser,mcroserde@printfriendly.com,"Structural Analysis Engineer",Female,467516002612,Götene,07.07.1991
484,Rochella,Leale,rlealedf@vistaprint.com,"Geologist II",Female,626574248726,Citeureup,03.10.1995
485,Berne,Baldacco,bbaldaccodg@arizona.edu,"Research Nurse",Male,629266693067,Ebak,07.19.1995
486,Rosella,Dale,rdaledh@google.it,Pharmacist,Female,2421695196893,Kabinda,02.07.1992
487,Lori,Cabedo,lcabedodi@hostgator.com,Paralegal,Female,3852148512768,Lužani,06.08.1995
488,Karalynn,Paulou,kpauloudj@yahoo.co.jp,,Female,,,12.27.1992
489,Darcy,Bumfrey,dbumfreydk@dedecms.com,"Staff Scientist",Male,605794978637,"Kota Bharu",05.14.1992
490,Jermain,Wornum,jwornumdl@ameblo.jp,"Product Engineer",Male,621121996681,Wonosari,10.03.1993
491,Sasha,Winnister,swinnisterdm@vkontakte.ru,"Financial Analyst",Female,76532071318,Belogorskīy,08.18.1990
492,Aimee,Heatly,aheatlydn@webeden.co.uk,"Sales Associate",Female,461247139305,Dalsjöfors,03.29.1991
493,Sarita,Guinness,sguinnessdo@live.com,Professor,Female,3519355046698,,12.03.1988
494,Clarabelle,Lightning,clightningdp@domainmarket.com,"Office Assistant III",Female,552982238657,"Carmo do Cajuru",02.19.1991
495,Michell,Granham,mgranhamdq@weebly.com,"Research Nurse",Female,865375931351,Huanggang,02.11.1994
496,Ethel,Harken,eharkendr@goo.ne.jp,Librarian,Female,632665669356,Patria,05.16.1991
497,Kahlil,Tomaszkiewicz,ktomaszkiewiczds@buzzfeed.com,"Programmer IV",Male,573259397646,,03.07.1995
498,Nananne,Mabbe,nmabbedt@examiner.com,"GIS Technical Architect",Female,627613887952,,05.18.1989
499,Janina,Webburn,jwebburndu@deviantart.com,"Information Systems Manager",Female,555643663737,Vassouras,02.13.1995
500,Cordy,Point,cpointdv@bigcartel.com,"Design Engineer",Female,2318614171856,Bensonville,02.26.1990
